url,name,party
https://hansard.parliament.uk/search/MemberContributions?house=Lords&memberId=2221,Lord Strathclyde,Conservative
https://hansard.parliament.uk/search/MemberContributions?house=Lords&memberId=4260,Lord Trees,Crossbench
https://hansard.parliament.uk/search/MemberContributions?house=Lords&memberId=4329,Baroness Evans of Bowes Park,Conservative
https://hansard.parliament.uk/search/MemberContributions?house=Lords&memberId=4241,Baroness Brinton,Liberal Democrat
https://hansard.parliament.uk/search/MemberContributions?house=Lords&memberId=4336,Lord Callanan,Conservative
https://hansard.parliament.uk/search/MemberContributions?house=Commons&memberId=373,Mr David Davis,Conservative
https://hansard.parliament.uk/search/MemberContributions?house=Lords&memberId=302,Lord Rooker,Labour
https://hansard.parliament.uk/search/MemberContributions?house=Lords&memberId=2569,Lord Greaves,Liberal Democrat
https://hansard.parliament.uk/search/MemberContributions?house=Lords&memberId=3818,Lord Jay of Ewelme,Crossbench
https://hansard.parliament.uk/search/MemberContributions?house=Lords&memberId=1804,Lord Thomas of Gresford,Liberal Democrat
https://hansard.parliament.uk/search/MemberContributions?house=Lords&memberId=3670,Baroness Falkner of Margravine,Liberal Democrat
https://hansard.parliament.uk/search/MemberContributions?house=Lords&memberId=4302,Lord Balfe,Conservative
https://hansard.parliament.uk/search/MemberContributions?house=Lords&memberId=3707,Lord Griffiths of Burry Port,Labour
https://hansard.parliament.uk/search/MemberContributions?house=Lords&memberId=3391,The Earl of Clancarty,Crossbench
https://hansard.parliament.uk/search/MemberContributions?house=Lords&memberId=123,Lord Lansley,Conservative
https://hansard.parliament.uk/search/MemberContributions?house=Lords&memberId=3699,Baroness Bonham-Carter of Yarnbury,Liberal Democrat
https://hansard.parliament.uk/search/MemberContributions?house=Lords&memberId=994,Lord Hunt of Wirral,Conservative
https://hansard.parliament.uk/search/MemberContributions?house=Lords&memberId=3809,Lord Bilimoria,Crossbench
https://hansard.parliament.uk/search/MemberContributions?house=Lords&memberId=1816,Lord Wallace of Saltaire,Liberal Democrat
https://hansard.parliament.uk/search/MemberContributions?house=Lords&memberId=4557,Lord Shinkwin,Conservative
https://hansard.parliament.uk/search/MemberContributions?house=Lords&memberId=4166,Baroness Donaghy,Labour
https://hansard.parliament.uk/search/MemberContributions?house=Lords&memberId=4150,Baroness Armstrong of Hill Top,Labour
https://hansard.parliament.uk/search/MemberContributions?house=Lords&memberId=3687,Lord Rosser,Labour
https://hansard.parliament.uk/search/MemberContributions?house=Lords&memberId=2004,Lord Hope of Craighead,Crossbench
https://hansard.parliament.uk/search/MemberContributions?house=Lords&memberId=1867,Baroness Ludford,Liberal Democrat
https://hansard.parliament.uk/search/MemberContributions?house=Lords&memberId=4159,Baroness Hayter of Kentish Town,Labour
https://hansard.parliament.uk/search/MemberContributions?house=Lords&memberId=4170,Baroness Smith of Basildon,Labour
https://hansard.parliament.uk/search/MemberContributions?house=Lords&memberId=3801,Lord Browne of Belmont,Democratic Unionist Party
https://hansard.parliament.uk/search/MemberContributions?house=Lords&memberId=3743,Lord Adonis,Labour
https://hansard.parliament.uk/search/MemberContributions?house=Lords&memberId=568,Lord Anderson of Swansea,Labour
https://hansard.parliament.uk/search/MemberContributions?house=Lords&memberId=1987,Baroness Kennedy of The Shaws,Labour
https://hansard.parliament.uk/search/MemberContributions?house=Lords&memberId=2648,Viscount Hanworth,Labour
https://hansard.parliament.uk/search/MemberContributions?house=Lords&memberId=3654,Lord Brown of Eaton-under-Heywood,Crossbench
https://hansard.parliament.uk/search/MemberContributions?house=Lords&memberId=2167,Lord Hannay of Chiswick,Crossbench
https://hansard.parliament.uk/search/MemberContributions?house=Lords&memberId=3153,Lord Pearson of Rannoch,UK Independence Party
https://hansard.parliament.uk/search/MemberContributions?house=Commons&memberId=4605,Bill Grant,Conservative
https://hansard.parliament.uk/search/MemberContributions?house=Commons&memberId=1439,Norman Lamb,Liberal Democrat
https://hansard.parliament.uk/search/MemberContributions?house=Commons&memberId=4124,Chi Onwurah,Labour
https://hansard.parliament.uk/search/MemberContributions?house=Lords&memberId=4286,Lord Mendelsohn,Labour
https://hansard.parliament.uk/search/MemberContributions?house=Commons&memberId=4514,Keir Starmer,Labour
https://hansard.parliament.uk/search/MemberContributions?house=Lords&memberId=4349,The Lord Bishop of Leeds,Bishops
https://hansard.parliament.uk/search/MemberContributions?house=Commons&memberId=4517,Lucy Frazer,Conservative
https://hansard.parliament.uk/search/MemberContributions?house=Lords&memberId=2490,Lord Goldsmith,Labour
https://hansard.parliament.uk/search/MemberContributions?house=Lords&memberId=3736,Lord Krebs,Crossbench
https://hansard.parliament.uk/search/MemberContributions?house=Lords&memberId=4176,Lord Shipley,Liberal Democrat
https://hansard.parliament.uk/search/MemberContributions?house=Lords&memberId=2228,Lord Sterling of Plaistow,Conservative
https://hansard.parliament.uk/search/MemberContributions?house=Lords&memberId=4206,Lord Marks of Henley-on-Thames,Liberal Democrat
https://hansard.parliament.uk/search/MemberContributions?house=Lords&memberId=214,Lord Foster of Bath,Liberal Democrat
https://hansard.parliament.uk/search/MemberContributions?house=Commons&memberId=3956,Susan Elan Jones,Labour
https://hansard.parliament.uk/search/MemberContributions?house=Commons&memberId=4007,Dominic Raab,Conservative
https://hansard.parliament.uk/search/MemberContributions?house=Lords&memberId=3514,Lord Bragg,Labour
https://hansard.parliament.uk/search/MemberContributions?house=Lords&memberId=4156,Lord Liddle,Labour
https://hansard.parliament.uk/search/MemberContributions?house=Lords&memberId=4186,Lord Monks,Labour
https://hansard.parliament.uk/search/MemberContributions?house=Lords&memberId=4687,Lord Vaux of Harrowden,Crossbench
https://hansard.parliament.uk/search/MemberContributions?house=Lords&memberId=2476,Baroness Prashar,Crossbench
https://hansard.parliament.uk/search/MemberContributions?house=Lords&memberId=2059,The Earl of Lindsay,Conservative
https://hansard.parliament.uk/search/MemberContributions?house=Lords&memberId=2594,Lord Cromwell,Crossbench
https://hansard.parliament.uk/search/MemberContributions?house=Lords&memberId=547,Lord Wigley,Plaid Cymru
https://hansard.parliament.uk/search/MemberContributions?house=Lords&memberId=4308,The Lord Bishop of St Albans,Bishops
https://hansard.parliament.uk/search/MemberContributions?house=Lords&memberId=4211,Lord Flight,Conservative
https://hansard.parliament.uk/search/MemberContributions?house=Lords&memberId=3337,Lord Butler of Brockwell,Crossbench
https://hansard.parliament.uk/search/MemberContributions?house=Lords&memberId=1850,Baroness Masham of Ilton,Crossbench
https://hansard.parliament.uk/search/MemberContributions?house=Lords&memberId=2444,Lord Whitty,Labour
https://hansard.parliament.uk/search/MemberContributions?house=Commons&memberId=4461,Stewart Malcolm McDonald,Scottish National Party
https://hansard.parliament.uk/search/MemberContributions?house=Lords&memberId=4575,Lord Gadhia,Non-affiliated
https://hansard.parliament.uk/search/MemberContributions?house=Lords&memberId=57,Lord Young of Cookham,Conservative
https://hansard.parliament.uk/search/MemberContributions?house=Lords&memberId=2109,The Earl of Sandwich,Crossbench
https://hansard.parliament.uk/search/MemberContributions?house=Lords&memberId=1916,Lord Newby,Liberal Democrat
https://hansard.parliament.uk/search/MemberContributions?house=Lords&memberId=4293,Lord Purvis of Tweed,Liberal Democrat
https://hansard.parliament.uk/search/MemberContributions?house=Lords&memberId=4323,Baroness Smith of Newnham,Liberal Democrat
https://hansard.parliament.uk/search/MemberContributions?house=Lords&memberId=2652,Baroness Hamwee,Liberal Democrat
https://hansard.parliament.uk/search/MemberContributions?house=Commons&memberId=1510,Edward Miliband,Labour
https://hansard.parliament.uk/search/MemberContributions?house=Lords&memberId=3898,Lord Aberdare,Crossbench
https://hansard.parliament.uk/search/MemberContributions?house=Lords&memberId=810,Lord Dykes,Crossbench
https://hansard.parliament.uk/search/MemberContributions?house=Commons&memberId=413,Hilary Benn,Labour
https://hansard.parliament.uk/search/MemberContributions?house=Lords&memberId=4239,Lord Stephen,Liberal Democrat
https://hansard.parliament.uk/search/MemberContributions?house=Lords&memberId=658,Lord Trimble,Conservative
https://hansard.parliament.uk/search/MemberContributions?house=Lords&memberId=4354,The Earl of Kinnoull,Crossbench
https://hansard.parliament.uk/search/MemberContributions?house=Lords&memberId=1854,Lord Marlesford,Conservative
https://hansard.parliament.uk/search/MemberContributions?house=Lords&memberId=346,Lord Davies of Stamford,Labour
https://hansard.parliament.uk/search/MemberContributions?house=Lords&memberId=4160,Lord Knight of Weymouth,Labour
https://hansard.parliament.uk/search/MemberContributions?house=Lords&memberId=2233,Baroness Symons of Vernham Dean,Labour
https://hansard.parliament.uk/search/MemberContributions?house=Lords&memberId=2482,Lord Lea of Crondall,Labour
https://hansard.parliament.uk/search/MemberContributions?house=Lords&memberId=567,Lord Hain,Labour
https://hansard.parliament.uk/search/MemberContributions?house=Lords&memberId=3796,Lord Morris of Handsworth,Labour
https://hansard.parliament.uk/search/MemberContributions?house=Lords&memberId=805,Lord Dubs,Labour
https://hansard.parliament.uk/search/MemberContributions?house=Lords&memberId=4533,Baroness Altmann,Conservative
https://hansard.parliament.uk/search/MemberContributions?house=Lords&memberId=1980,Lord Inglewood,Non-affiliated
https://hansard.parliament.uk/search/MemberContributions?house=Lords&memberId=965,Lord Wrigglesworth,Liberal Democrat
https://hansard.parliament.uk/search/MemberContributions?house=Lords&memberId=160,Lord Soley,Labour
https://hansard.parliament.uk/search/MemberContributions?house=Lords&memberId=4210,Lord Ahmad of Wimbledon,Conservative
https://hansard.parliament.uk/search/MemberContributions?house=Lords&memberId=4548,Baroness Sheehan,Liberal Democrat
https://hansard.parliament.uk/search/MemberContributions?house=Lords&memberId=4314,The Lord Bishop of Portsmouth,Bishops
https://hansard.parliament.uk/search/MemberContributions?house=Lords&memberId=4207,Lord Wasserman,Conservative
https://hansard.parliament.uk/search/MemberContributions?house=Lords&memberId=3308,Viscount Chandos,Labour
https://hansard.parliament.uk/search/MemberContributions?house=Lords&memberId=4199,Baroness Wheatcroft,Conservative
https://hansard.parliament.uk/search/MemberContributions?house=Lords&memberId=3310,The Earl of Caithness,Conservative
https://hansard.parliament.uk/search/MemberContributions?house=Lords&memberId=3756,Baroness Deech,Crossbench
https://hansard.parliament.uk/search/MemberContributions?house=Lords&memberId=1796,Lord Taylor of Warwick,Non-affiliated
https://hansard.parliament.uk/search/MemberContributions?house=Lords&memberId=82,Lord Howard of Lympne,Conservative
https://hansard.parliament.uk/search/MemberContributions?house=Lords&memberId=3708,Lord Kerr of Kinlochard,Crossbench
https://hansard.parliament.uk/search/MemberContributions?house=Lords&memberId=4337,Baroness Janke,Liberal Democrat
https://hansard.parliament.uk/search/MemberContributions?house=Lords&memberId=4202,Lord Lexden,Conservative
https://hansard.parliament.uk/search/MemberContributions?house=Lords&memberId=4547,Lord Polak,Conservative
https://hansard.parliament.uk/search/MemberContributions?house=Lords&memberId=3671,Lord Tunnicliffe,Labour
https://hansard.parliament.uk/search/MemberContributions?house=Lords&memberId=384,Baroness McIntosh of Pickering,Conservative
https://hansard.parliament.uk/search/MemberContributions?house=Lords&memberId=68,Lord Lilley,Conservative
https://hansard.parliament.uk/search/MemberContributions?house=Lords&memberId=992,Lord Owen,Independent Social Democrat
https://hansard.parliament.uk/search/MemberContributions?house=Lords&memberId=4298,Baroness Suttie,Liberal Democrat
https://hansard.parliament.uk/search/MemberContributions?house=Lords&memberId=4247,Lord Ashton of Hyde,Conservative
https://hansard.parliament.uk/search/MemberContributions?house=Lords&memberId=4169,Viscount Younger of Leckie,Conservative
https://hansard.parliament.uk/search/MemberContributions?house=Lords&memberId=891,Lord Kirkhope of Harrogate,Conservative
https://hansard.parliament.uk/search/MemberContributions?house=Lords&memberId=1934,Baroness Miller of Chilthorne Domer,Liberal Democrat
https://hansard.parliament.uk/search/MemberContributions?house=Lords&memberId=4587,Lord Ricketts,Crossbench
https://hansard.parliament.uk/search/MemberContributions?house=Lords&memberId=4195,Lord Ribeiro,Conservative
https://hansard.parliament.uk/search/MemberContributions?house=Lords&memberId=4222,Lord Collins of Highbury,Labour
https://hansard.parliament.uk/search/MemberContributions?house=Lords&memberId=4153,Lord Kennedy of Southwark,Labour
https://hansard.parliament.uk/search/MemberContributions?house=Lords&memberId=4559,Lord Livermore,Labour
https://hansard.parliament.uk/search/MemberContributions?house=Commons&memberId=4434,Stephen Gethins,Scottish National Party
https://hansard.parliament.uk/search/MemberContributions?house=Lords&memberId=620,Lord Browne of Ladyton,Labour
https://hansard.parliament.uk/search/MemberContributions?house=Lords&memberId=542,Lord Touhig,Labour
https://hansard.parliament.uk/search/MemberContributions?house=Lords&memberId=4295,Lord Leigh of Hurley,Conservative
https://hansard.parliament.uk/search/MemberContributions?house=Lords&memberId=4300,Baroness Humphreys,Liberal Democrat
https://hansard.parliament.uk/search/MemberContributions?house=Lords&memberId=4321,Lord Farmer,Conservative
https://hansard.parliament.uk/search/MemberContributions?house=Lords&memberId=4535,Lord Bridges of Headley,Conservative
https://hansard.parliament.uk/search/MemberContributions?house=Lords&memberId=2134,Lord Russell of Liverpool,Crossbench
https://hansard.parliament.uk/search/MemberContributions?house=Lords&memberId=4322,Lord Fox,Liberal Democrat
https://hansard.parliament.uk/search/MemberContributions?house=Lords&memberId=3790,Baroness Verma,Conservative
https://hansard.parliament.uk/search/MemberContributions?house=Lords&memberId=1138,Lord Carlile of Berriew,Crossbench
https://hansard.parliament.uk/search/MemberContributions?house=Lords&memberId=2808,Baroness Emerton,Crossbench
https://hansard.parliament.uk/search/MemberContributions?house=Lords&memberId=4250,Lord Curry of Kirkharle,Crossbench
https://hansard.parliament.uk/search/MemberContributions?house=Lords&memberId=3839,Baroness Warsi,Conservative
https://hansard.parliament.uk/search/MemberContributions?house=Lords&memberId=4328,Lord Suri,Conservative
https://hansard.parliament.uk/search/MemberContributions?house=Lords&memberId=3561,Baroness Blackstone,Labour Independent
https://hansard.parliament.uk/search/MemberContributions?house=Lords&memberId=3312,Lord Cavendish of Furness,Conservative
https://hansard.parliament.uk/search/MemberContributions?house=Lords&memberId=4272,Viscount Ridley,Conservative
https://hansard.parliament.uk/search/MemberContributions?house=Lords&memberId=4161,Lord Gardiner of Kimble,Conservative
https://hansard.parliament.uk/search/MemberContributions?house=Lords&memberId=1696,Lord Taverne,Liberal Democrat
https://hansard.parliament.uk/search/MemberContributions?house=Lords&memberId=4699,Baroness Meyer,Conservative
https://hansard.parliament.uk/search/MemberContributions?house=Lords&memberId=3785,Baroness Thomas of Winchester,Liberal Democrat
https://hansard.parliament.uk/search/MemberContributions?house=Lords&memberId=3474,Baroness Anelay of St Johns,Conservative
https://hansard.parliament.uk/search/MemberContributions?house=Lords&memberId=4285,Baroness Bakewell of Hardington Mandeville,Liberal Democrat
https://hansard.parliament.uk/search/MemberContributions?house=Lords&memberId=3870,Lord Pannick,Crossbench
https://hansard.parliament.uk/search/MemberContributions?house=Lords&memberId=4545,Lord O'Shaughnessy,Conservative
https://hansard.parliament.uk/search/MemberContributions?house=Lords&memberId=4706,Baroness Bull,Crossbench
https://hansard.parliament.uk/search/MemberContributions?house=Lords&memberId=3120,Lord Skidelsky,Crossbench
https://hansard.parliament.uk/search/MemberContributions?house=Lords&memberId=4163,Lord German,Liberal Democrat
https://hansard.parliament.uk/search/MemberContributions?house=Lords&memberId=4538,Lord Keen of Elie,Conservative
https://hansard.parliament.uk/search/MemberContributions?house=Lords&memberId=4688,The Lord Bishop of Lincoln,Bishops
https://hansard.parliament.uk/search/MemberContributions?house=Lords&memberId=4566,Baroness Watkins of Tavistock,Crossbench
https://hansard.parliament.uk/search/MemberContributions?house=Lords&memberId=3792,Baroness Jones of Whitchurch,Labour
https://hansard.parliament.uk/search/MemberContributions?house=Lords&memberId=3191,Lord Northbrook,Conservative
https://hansard.parliament.uk/search/MemberContributions?house=Lords&memberId=2202,Lord De Mauley,Conservative
https://hansard.parliament.uk/search/MemberContributions?house=Lords&memberId=3795,Lord Morrow,Democratic Unionist Party
https://hansard.parliament.uk/search/MemberContributions?house=Lords&memberId=544,Lord Howarth of Newport,Labour
https://hansard.parliament.uk/search/MemberContributions?house=Lords&memberId=3343,Baroness Byford,Conservative
https://hansard.parliament.uk/search/MemberContributions?house=Lords&memberId=4189,Lord Hennessy of Nympsfield,Crossbench
https://hansard.parliament.uk/search/MemberContributions?house=Lords&memberId=895,Lord Lamont of Lerwick,Conservative
https://hansard.parliament.uk/search/MemberContributions?house=Commons&memberId=1545,David T. C. Davies,Conservative
https://hansard.parliament.uk/search/MemberContributions?house=Lords&memberId=993,Lord Howell of Guildford,Conservative
https://hansard.parliament.uk/search/MemberContributions?house=Commons&memberId=4632,Anna McMorrin,Labour
https://hansard.parliament.uk/search/MemberContributions?house=Lords&memberId=4223,Baroness Bakewell,Labour
https://hansard.parliament.uk/search/MemberContributions?house=Lords&memberId=513,Lord Beith,Liberal Democrat
https://hansard.parliament.uk/search/MemberContributions?house=Lords&memberId=4341,Baroness Pinnock,Liberal Democrat
https://hansard.parliament.uk/search/MemberContributions?house=Lords&memberId=2127,Lord Selsdon,Conservative
https://hansard.parliament.uk/search/MemberContributions?house=Lords&memberId=1141,Lord Forsyth of Drumlean,Conservative
https://hansard.parliament.uk/search/MemberContributions?house=Lords&memberId=3674,Lord Howard of Rising,Conservative
https://hansard.parliament.uk/search/MemberContributions?house=Lords&memberId=802,Lord Selkirk of Douglas,Conservative
https://hansard.parliament.uk/search/MemberContributions?house=Lords&memberId=2547,Baroness Walmsley,Liberal Democrat
https://hansard.parliament.uk/search/MemberContributions?house=Lords&memberId=4284,Baroness Neville-Rolfe,Conservative
https://hansard.parliament.uk/search/MemberContributions?house=Lords&memberId=4346,Lord Green of Deddington,Crossbench
https://hansard.parliament.uk/search/MemberContributions?house=Lords&memberId=2102,The Earl of Selborne,Conservative
https://hansard.parliament.uk/search/MemberContributions?house=Lords&memberId=940,Lord Rodgers of Quarry Bank,Liberal Democrat
https://hansard.parliament.uk/search/MemberContributions?house=Commons&memberId=40,Sir Bernard Jenkin,Conservative
https://hansard.parliament.uk/search/MemberContributions?house=Commons&memberId=3930,Caroline Lucas,Green Party
https://hansard.parliament.uk/search/MemberContributions?house=Lords&memberId=896,Lord Lang of Monkton,Conservative
https://hansard.parliament.uk/search/MemberContributions?house=Lords&memberId=655,Lord McCrea of Magherafelt and Cookstown,Democratic Unionist Party
https://hansard.parliament.uk/search/MemberContributions?house=Lords&memberId=4311,Baroness Williams of Trafford,Conservative
https://hansard.parliament.uk/search/MemberContributions?house=Lords&memberId=510,Lord Radice,Labour
https://hansard.parliament.uk/search/MemberContributions?house=Lords&memberId=949,Lord Steel of Aikwood,Liberal Democrat
https://hansard.parliament.uk/search/MemberContributions?house=Lords&memberId=282,Lord Cormack,Conservative
https://hansard.parliament.uk/search/MemberContributions?house=Lords&memberId=499,Lord Campbell-Savours,Labour
https://hansard.parliament.uk/search/MemberContributions?house=Lords&memberId=1091,Lord Bates,Conservative
https://hansard.parliament.uk/search/MemberContributions?house=Lords&memberId=919,Lord McNally,Liberal Democrat
https://hansard.parliament.uk/search/MemberContributions?house=Lords&memberId=3831,Baroness Campbell of Surbiton,Crossbench
https://hansard.parliament.uk/search/MemberContributions?house=Lords&memberId=258,Lord Ashdown of Norton-sub-Hamdon,Liberal Democrat
https://hansard.parliament.uk/search/MemberContributions?house=Lords&memberId=4252,The Lord Archbishop of Canterbury,Bishops
https://hansard.parliament.uk/search/MemberContributions?house=Commons&memberId=274,Mr Owen Paterson,Conservative
https://hansard.parliament.uk/search/MemberContributions?house=Commons&memberId=4064,Mr Steve Baker,Conservative
https://hansard.parliament.uk/search/MemberContributions?house=Commons&memberId=1397,Hywel Williams,Plaid Cymru
https://hansard.parliament.uk/search/MemberContributions?house=Lords&memberId=4289,Baroness Manzoor,Conservative
https://hansard.parliament.uk/search/MemberContributions?house=Commons&memberId=534,Chris Ruane,Labour
https://hansard.parliament.uk/search/MemberContributions?house=Lords&memberId=4695,The Lord Bishop of Chichester,Bishops
https://hansard.parliament.uk/search/MemberContributions?house=Lords&memberId=693,Lord Kinnock,Labour
https://hansard.parliament.uk/search/MemberContributions?house=Lords&memberId=2489,Baroness Massey of Darwen,Labour
https://hansard.parliament.uk/search/MemberContributions?house=Lords&memberId=457,Lord Pendry,Labour
https://hansard.parliament.uk/search/MemberContributions?house=Lords&memberId=2534,Baroness Andrews,Labour
https://hansard.parliament.uk/search/MemberContributions?house=Lords&memberId=1732,Lord Warner,Crossbench
https://hansard.parliament.uk/search/MemberContributions?house=Lords&memberId=50,Lord Chidgey,Liberal Democrat
https://hansard.parliament.uk/search/MemberContributions?house=Commons&memberId=4129,Ian Paisley,Democratic Unionist Party
https://hansard.parliament.uk/search/MemberContributions?house=Lords&memberId=497,Lord Blencathra,Conservative
https://hansard.parliament.uk/search/MemberContributions?house=Lords&memberId=2616,Lord Henley,Conservative
https://hansard.parliament.uk/search/MemberContributions?house=Lords&memberId=4686,Lord Duncan of Springbank,Conservative
https://hansard.parliament.uk/search/MemberContributions?house=Lords&memberId=225,Lord Tyler,Liberal Democrat
https://hansard.parliament.uk/search/MemberContributions?house=Lords&memberId=2736,Baroness Dean of Thornton-le-Fylde,Labour
https://hansard.parliament.uk/search/MemberContributions?house=Lords&memberId=627,Lord Campbell of Pittenweem,Liberal Democrat
https://hansard.parliament.uk/search/MemberContributions?house=Lords&memberId=2546,Lord Shutt of Greetland,Liberal Democrat
https://hansard.parliament.uk/search/MemberContributions?house=Lords&memberId=3349,Baroness Buscombe,Conservative
https://hansard.parliament.uk/search/MemberContributions?house=Commons&memberId=4504,Wes Streeting,Labour
https://hansard.parliament.uk/search/MemberContributions?house=Lords&memberId=3789,Lord Teverson,Liberal Democrat
https://hansard.parliament.uk/search/MemberContributions?house=Commons&memberId=4471,Rachael Maskell,Labour (Co-op)
https://hansard.parliament.uk/search/MemberContributions?house=Lords&memberId=4181,Lord Beecham,Labour
https://hansard.parliament.uk/search/MemberContributions?house=Lords&memberId=4198,Baroness Shackleton of Belgravia,Conservative
https://hansard.parliament.uk/search/MemberContributions?house=Lords&memberId=4230,Baroness Randerson,Liberal Democrat
https://hansard.parliament.uk/search/MemberContributions?house=Lords&memberId=3396,Lord Clement-Jones,Liberal Democrat
https://hansard.parliament.uk/search/MemberContributions?house=Lords&memberId=617,Lord Reid of Cardowan,Labour
https://hansard.parliament.uk/search/MemberContributions?house=Lords&memberId=4203,Baroness Jolly,Liberal Democrat
https://hansard.parliament.uk/search/MemberContributions?house=Lords&memberId=4340,Lord Cashman,Labour
https://hansard.parliament.uk/search/MemberContributions?house=Lords&memberId=4231,Baroness Tyler of Enfield,Liberal Democrat
https://hansard.parliament.uk/search/MemberContributions?house=Lords&memberId=1557,Baroness Kramer,Liberal Democrat
https://hansard.parliament.uk/search/MemberContributions?house=Lords&memberId=4550,Lord Lupton,Conservative
https://hansard.parliament.uk/search/MemberContributions?house=Lords&memberId=629,Lord O'Neill of Clackmannan,Labour
https://hansard.parliament.uk/search/MemberContributions?house=Lords&memberId=3832,Lord Bew,Crossbench
https://hansard.parliament.uk/search/MemberContributions?house=Lords&memberId=4579,Baroness Chakrabarti,Labour
https://hansard.parliament.uk/search/MemberContributions?house=Commons&memberId=4674,Vicky Ford,Conservative
https://hansard.parliament.uk/search/MemberContributions?house=Lords&memberId=3653,Lord Carswell,Crossbench
https://hansard.parliament.uk/search/MemberContributions?house=Lords&memberId=1241,Lord Watson of Invergowrie,Labour
https://hansard.parliament.uk/search/MemberContributions?house=Lords&memberId=2554,Baroness Noakes,Conservative
https://hansard.parliament.uk/search/MemberContributions?house=Commons&memberId=185,Jeremy Corbyn,Labour
https://hansard.parliament.uk/search/MemberContributions?house=Lords&memberId=883,Lord Jopling,Conservative
https://hansard.parliament.uk/search/MemberContributions?house=Lords&memberId=2505,Baroness Harris of Richmond,Liberal Democrat
https://hansard.parliament.uk/search/MemberContributions?house=Commons&memberId=184,Mike Gapes,Labour (Co-op)
https://hansard.parliament.uk/search/MemberContributions?house=Lords&memberId=4288,Lord Paddick,Liberal Democrat
https://hansard.parliament.uk/search/MemberContributions?house=Lords&memberId=3757,Baroness Valentine,Crossbench
https://hansard.parliament.uk/search/MemberContributions?house=Lords&memberId=2550,Lord Brennan,Labour
https://hansard.parliament.uk/search/MemberContributions?house=Lords&memberId=4306,Baroness Goldie,Conservative
https://hansard.parliament.uk/search/MemberContributions?house=Commons&memberId=1502,Mr David Jones,Conservative
https://hansard.parliament.uk/search/MemberContributions?house=Lords&memberId=2045,The Earl of Liverpool,Conservative
https://hansard.parliament.uk/search/MemberContributions?house=Commons&memberId=8,Mrs Theresa May,Conservative
https://hansard.parliament.uk/search/MemberContributions?house=Lords&memberId=630,Lord Wallace of Tankerness,Liberal Democrat
https://hansard.parliament.uk/search/MemberContributions?house=Lords&memberId=4196,Lord Sharkey,Liberal Democrat
https://hansard.parliament.uk/search/MemberContributions?house=Commons&memberId=4652,Lee Rowley,Conservative
https://hansard.parliament.uk/search/MemberContributions?house=Lords&memberId=3385,Lord Craig of Radley,Crossbench
https://hansard.parliament.uk/search/MemberContributions?house=Lords&memberId=4309,Lord Thomas of Cwmgiedd,Crossbench
https://hansard.parliament.uk/search/MemberContributions?house=Lords&memberId=248,Lord Jones of Cheltenham,Liberal Democrat
https://hansard.parliament.uk/search/MemberContributions?house=Lords&memberId=4567,Baroness Finn,Conservative
https://hansard.parliament.uk/search/MemberContributions?house=Commons&memberId=4466,Peter Grant,Scottish National Party
https://hansard.parliament.uk/search/MemberContributions?house=Lords&memberId=4701,Baroness Bryan of Partick,Labour
https://hansard.parliament.uk/search/MemberContributions?house=Lords&memberId=4562,Baroness Bowles of Berkhamsted,Liberal Democrat
https://hansard.parliament.uk/search/MemberContributions?house=Lords&memberId=127,Lord Prior of Brampton,Non-affiliated
https://hansard.parliament.uk/search/MemberContributions?house=Lords&memberId=1880,Lord Macdonald of Tradeston,Labour
https://hansard.parliament.uk/search/MemberContributions?house=Lords&memberId=3695,Lord Broers,Crossbench
https://hansard.parliament.uk/search/MemberContributions?house=Lords&memberId=2543,Lord Hunt of Chesterton,Labour
https://hansard.parliament.uk/search/MemberContributions?house=Lords&memberId=4584,Baroness Sugg,Conservative
https://hansard.parliament.uk/search/MemberContributions?house=Commons&memberId=320,Mr Adrian Bailey,Labour (Co-op)
https://hansard.parliament.uk/search/MemberContributions?house=Lords&memberId=4560,Lord Trevethin and Oaksey,Crossbench
https://hansard.parliament.uk/search/MemberContributions?house=Commons&memberId=151,Tom Brake,Liberal Democrat
https://hansard.parliament.uk/search/MemberContributions?house=Lords&memberId=1705,Lord Tugendhat,Conservative
https://hansard.parliament.uk/search/MemberContributions?house=Lords&memberId=254,Lord King of Bridgwater,Conservative
https://hansard.parliament.uk/search/MemberContributions?house=Lords&memberId=3275,Lord Razzall,Liberal Democrat
https://hansard.parliament.uk/search/MemberContributions?house=Lords&memberId=738,Lord Alton of Liverpool,Crossbench
https://hansard.parliament.uk/search/MemberContributions?house=Lords&memberId=3386,Baroness Crawley,Labour
https://hansard.parliament.uk/search/MemberContributions?house=Lords&memberId=3351,Lord Burns,Crossbench
https://hansard.parliament.uk/search/MemberContributions?house=Lords&memberId=3147,The Duke of Somerset,Crossbench
https://hansard.parliament.uk/search/MemberContributions?house=Lords&memberId=679,Baroness Boothroyd,Crossbench
https://hansard.parliament.uk/search/MemberContributions?house=Lords&memberId=4192,Lord Dobbs,Conservative
https://hansard.parliament.uk/search/MemberContributions?house=Lords&memberId=672,Lord Robertson of Port Ellen,Labour
https://hansard.parliament.uk/search/MemberContributions?house=Commons&memberId=3912,Richard Fuller,Conservative
https://hansard.parliament.uk/search/MemberContributions?house=Lords&memberId=2518,Baroness Greengross,Crossbench
https://hansard.parliament.uk/search/MemberContributions?house=Commons&memberId=4390,Ian Blackford,Scottish National Party
https://hansard.parliament.uk/search/MemberContributions?house=Commons&memberId=4091,Mr Robin Walker,Conservative
https://hansard.parliament.uk/search/MemberContributions?house=Lords&memberId=3179,Baroness Pitkeathley,Labour
https://hansard.parliament.uk/search/MemberContributions?house=Lords&memberId=352,Lord Boswell of Aynho,Non-affiliated
https://hansard.parliament.uk/search/MemberContributions?house=Lords&memberId=3804,Baroness Butler-Sloss,Crossbench
https://hansard.parliament.uk/search/MemberContributions?house=Commons&memberId=104,Crispin Blunt,Conservative
https://hansard.parliament.uk/search/MemberContributions?house=Lords&memberId=1137,Lord Patten,Conservative
https://hansard.parliament.uk/search/MemberContributions?house=Lords&memberId=3526,Lord Berkeley,Labour
https://hansard.parliament.uk/search/MemberContributions?house=Lords&memberId=1567,Baroness Burt of Solihull,Liberal Democrat
https://hansard.parliament.uk/search/MemberContributions?house=Lords&memberId=4234,Baroness Lister of Burtersett,Labour
https://hansard.parliament.uk/search/MemberContributions?house=Lords&memberId=4549,Lord Oates,Liberal Democrat
https://hansard.parliament.uk/search/MemberContributions?house=Commons&memberId=4419,Joanna Cherry,Scottish National Party
https://hansard.parliament.uk/search/MemberContributions?house=Lords&memberId=4330,Baroness Chisholm of Owlpen,Conservative
https://hansard.parliament.uk/search/MemberContributions?house=Lords&memberId=4200,Lord True,Conservative
https://hansard.parliament.uk/search/MemberContributions?house=Commons&memberId=4058,Paul Blomfield,Labour
https://hansard.parliament.uk/search/MemberContributions?house=Lords&memberId=2024,Lord Hunt of Kings Heath,Labour
https://hansard.parliament.uk/search/MemberContributions?house=Lords&memberId=3810,Baroness Meacher,Crossbench
https://hansard.parliament.uk/search/MemberContributions?house=Lords&memberId=139,Lord Risby,Conservative
https://hansard.parliament.uk/search/MemberContributions?house=Commons&memberId=4601,Andrew Bowie,Conservative
https://hansard.parliament.uk/search/MemberContributions?house=Lords&memberId=4335,Baroness Mobarik,Conservative
https://hansard.parliament.uk/search/MemberContributions?house=Lords&memberId=196,Lord Horam,Conservative
https://hansard.parliament.uk/search/MemberContributions?house=Lords&memberId=2471,Baroness Warwick of Undercliffe,Labour
https://hansard.parliament.uk/search/MemberContributions?house=Lords&memberId=578,Lord Maclennan of Rogart,Liberal Democrat
https://hansard.parliament.uk/search/MemberContributions?house=Commons&memberId=252,Dr David Drew,Labour (Co-op)
https://hansard.parliament.uk/search/MemberContributions?house=Lords&memberId=4178,Baroness Parminter,Liberal Democrat
https://hansard.parliament.uk/search/MemberContributions?house=Commons&memberId=1594,Mark Durkan,Social Democratic & Labour Party
https://hansard.parliament.uk/search/MemberContributions?house=Commons&memberId=4027,Nicky Morgan,Conservative
https://hansard.parliament.uk/search/MemberContributions?house=Commons&memberId=230,Mr Ben Bradshaw,Labour
https://hansard.parliament.uk/search/MemberContributions?house=Lords&memberId=1744,Viscount Waverley,Crossbench
https://hansard.parliament.uk/search/MemberContributions?house=Lords&memberId=546,Lord Murphy of Torfaen,Labour
https://hansard.parliament.uk/search/MemberContributions?house=Commons&memberId=4253,Seema Malhotra,Labour (Co-op)
https://hansard.parliament.uk/search/MemberContributions?house=Lords&memberId=1028,Lord Baker of Dorking,Conservative
https://hansard.parliament.uk/search/MemberContributions?house=Lords&memberId=518,Baroness Quin,Labour
https://hansard.parliament.uk/search/MemberContributions?house=Commons&memberId=4608,John Lamont,Conservative
https://hansard.parliament.uk/search/MemberContributions?house=Commons&memberId=4617,Matt Western,Labour
https://hansard.parliament.uk/search/MemberContributions?house=Lords&memberId=334,Lord Robathan,Conservative
https://hansard.parliament.uk/search/MemberContributions?house=Lords&memberId=4352,Lord Hay of Ballyore,Democratic Unionist Party
https://hansard.parliament.uk/search/MemberContributions?house=Lords&memberId=1782,Baroness Thornton,Labour
https://hansard.parliament.uk/search/MemberContributions?house=Commons&memberId=1536,Emily Thornberry,Labour
https://hansard.parliament.uk/search/MemberContributions?house=Lords&memberId=1660,Lord Judd,Labour
https://hansard.parliament.uk/search/MemberContributions?house=Lords&memberId=573,Baroness Liddell of Coatdyke,Labour
https://hansard.parliament.uk/search/MemberContributions?house=Lords&memberId=3268,Lord Puttnam,Labour
https://hansard.parliament.uk/search/MemberContributions?house=Lords&memberId=3335,Lord Brooke of Alverthorpe,Labour
https://hansard.parliament.uk/search/MemberContributions?house=Lords&memberId=3496,Lord Bowness,Conservative
https://hansard.parliament.uk/search/MemberContributions?house=Lords&memberId=3429,Viscount Astor,Conservative
https://hansard.parliament.uk/search/MemberContributions?house=Commons&memberId=155,Geraint Davies,Labour (Co-op)
https://hansard.parliament.uk/search/MemberContributions?house=Commons&memberId=4657,Anneliese Dodds,Labour (Co-op)
https://hansard.parliament.uk/search/MemberContributions?house=Lords&memberId=4355,Lord Kerslake,Crossbench
https://hansard.parliament.uk/search/MemberContributions?house=Lords&memberId=3434,Lord Armstrong of Ilminster,Crossbench
https://hansard.parliament.uk/search/MemberContributions?house=Lords&memberId=2206,Lord Wilson of Dinton,Crossbench
https://hansard.parliament.uk/search/MemberContributions?house=Lords&memberId=1829,Viscount Trenchard,Conservative
https://hansard.parliament.uk/search/MemberContributions?house=Commons&memberId=4475,Suella Braverman,Conservative
https://hansard.parliament.uk/search/MemberContributions?house=Lords&memberId=4218,Baroness Berridge,Conservative
https://hansard.parliament.uk/search/MemberContributions?house=Commons&memberId=4038,Heidi Alexander,Labour
https://hansard.parliament.uk/search/MemberContributions?house=Commons&memberId=4572,Chris Elmore,Labour
https://hansard.parliament.uk/search/MemberContributions?house=Commons&memberId=4376,Chris Davies,Conservative
https://hansard.parliament.uk/search/MemberContributions?house=Commons&memberId=4488,Martyn Day,Scottish National Party
https://hansard.parliament.uk/search/MemberContributions?house=Commons&memberId=4668,Rachel Maclean,Conservative
https://hansard.parliament.uk/search/MemberContributions?house=Commons&memberId=308,Mr Jim Cunningham,Labour
https://hansard.parliament.uk/search/MemberContributions?house=Commons&memberId=4056,Nic Dakin,Labour
https://hansard.parliament.uk/search/MemberContributions?house=Commons&memberId=4005,Bob Blackman,Conservative
https://hansard.parliament.uk/search/MemberContributions?house=Commons&memberId=3960,Henry Smith,Conservative
https://hansard.parliament.uk/search/MemberContributions?house=Commons&memberId=4420,Gavin Newlands,Scottish National Party
https://hansard.parliament.uk/search/MemberContributions?house=Commons&memberId=4100,Mrs Sheryll Murray,Conservative
https://hansard.parliament.uk/search/MemberContributions?house=Commons&memberId=4655,Mr Simon Clarke,Conservative
https://hansard.parliament.uk/search/MemberContributions?house=Commons&memberId=4382,Daniel Zeichner,Labour
https://hansard.parliament.uk/search/MemberContributions?house=Commons&memberId=3971,Charlie Elphicke,Conservative
https://hansard.parliament.uk/search/MemberContributions?house=Commons&memberId=4433,Thangam Debbonaire,Labour
https://hansard.parliament.uk/search/MemberContributions?house=Commons&memberId=4432,Patrick Grady,Scottish National Party
https://hansard.parliament.uk/search/MemberContributions?house=Commons&memberId=4061,Bill Esterson,Labour
https://hansard.parliament.uk/search/MemberContributions?house=Commons&memberId=533,David Hanson,Labour
https://hansard.parliament.uk/search/MemberContributions?house=Commons&memberId=4658,Alex Sobel,Labour (Co-op)
https://hansard.parliament.uk/search/MemberContributions?house=Commons&memberId=4380,Jo Churchill,Conservative
https://hansard.parliament.uk/search/MemberContributions?house=Commons&memberId=1470,Ian C. Lucas,Labour
https://hansard.parliament.uk/search/MemberContributions?house=Commons&memberId=3957,Martin Vickers,Conservative
https://hansard.parliament.uk/search/MemberContributions?house=Commons&memberId=4640,David Linden,Scottish National Party
https://hansard.parliament.uk/search/MemberContributions?house=Lords&memberId=53,Lord Willetts,Conservative
https://hansard.parliament.uk/search/MemberContributions?house=Lords&memberId=3691,Lord Roberts of Llandudno,Liberal Democrat
https://hansard.parliament.uk/search/MemberContributions?house=Commons&memberId=4072,Neil Parish,Conservative
https://hansard.parliament.uk/search/MemberContributions?house=Lords&memberId=3733,Lord Stevens of Kirkwhelpington,Crossbench
https://hansard.parliament.uk/search/MemberContributions?house=Lords&memberId=3842,Baroness Garden of Frognal,Liberal Democrat
https://hansard.parliament.uk/search/MemberContributions?house=Commons&memberId=206,Mr David Lammy,Labour
https://hansard.parliament.uk/search/MemberContributions?house=Commons&memberId=4453,Tommy Sheppard,Scottish National Party
https://hansard.parliament.uk/search/MemberContributions?house=Commons&memberId=4120,Kate Green,Labour
https://hansard.parliament.uk/search/MemberContributions?house=Commons&memberId=3934,George Eustice,Conservative
https://hansard.parliament.uk/search/MemberContributions?house=Lords&memberId=1833,Lord Mancroft,Conservative
https://hansard.parliament.uk/search/MemberContributions?house=Lords&memberId=2000,Earl Howe,Conservative
https://hansard.parliament.uk/search/MemberContributions?house=Commons&memberId=3980,Mr Sam Gyimah,Conservative
https://hansard.parliament.uk/search/MemberContributions?house=Lords&memberId=1531,Baroness Featherstone,Liberal Democrat
https://hansard.parliament.uk/search/MemberContributions?house=Lords&memberId=3897,Lord Sugar,Crossbench
https://hansard.parliament.uk/search/MemberContributions?house=Lords&memberId=2542,Baroness Scott of Needham Market,Liberal Democrat
https://hansard.parliament.uk/search/MemberContributions?house=Lords&memberId=3679,Baroness Henig,Labour
https://hansard.parliament.uk/search/MemberContributions?house=Lords&memberId=3846,Lord Stern of Brentford,Crossbench
https://hansard.parliament.uk/search/MemberContributions?house=Lords&memberId=2005,Baroness Hooper,Conservative
https://hansard.parliament.uk/search/MemberContributions?house=Commons&memberId=4104,Neil Carmichael,Conservative
https://hansard.parliament.uk/search/MemberContributions?house=Lords&memberId=1864,The Earl of Lytton,Crossbench
https://hansard.parliament.uk/search/MemberContributions?house=Lords&memberId=525,Lord Clark of Windermere,Labour
https://hansard.parliament.uk/search/MemberContributions?house=Commons&memberId=4510,Helen Hayes,Labour
https://hansard.parliament.uk/search/MemberContributions?house=Lords&memberId=4576,Lord McInnes of Kilwinning,Conservative
https://hansard.parliament.uk/search/MemberContributions?house=Commons&memberId=1571,Michael Gove,Conservative
https://hansard.parliament.uk/search/MemberContributions?house=Lords&memberId=4175,Lord Stevenson of Balmacara,Labour
https://hansard.parliament.uk/search/MemberContributions?house=Commons&memberId=1546,Angus Brendan MacNeil,Scottish National Party
https://hansard.parliament.uk/search/MemberContributions?house=Commons&memberId=3938,Anna Soubry,Conservative
https://hansard.parliament.uk/search/MemberContributions?house=Lords&memberId=1727,Baroness Wilcox,Conservative
https://hansard.parliament.uk/search/MemberContributions?house=Lords&memberId=4332,Baroness Rebuck,Labour
https://hansard.parliament.uk/search/MemberContributions?house=Lords&memberId=2665,Lord Haskel,Labour
https://hansard.parliament.uk/search/MemberContributions?house=Lords&memberId=1132,Lord Lee of Trafford,Liberal Democrat
https://hansard.parliament.uk/search/MemberContributions?house=Lords&memberId=94,Lord Heseltine,Conservative
https://hansard.parliament.uk/search/MemberContributions?house=Lords&memberId=43,Lord Haselhurst,Conservative
https://hansard.parliament.uk/search/MemberContributions?house=Lords&memberId=3384,Viscount Craigavon,Crossbench
https://hansard.parliament.uk/search/MemberContributions?house=Lords&memberId=2793,Lord Eames,Crossbench
https://hansard.parliament.uk/search/MemberContributions?house=Lords&memberId=908,Lord Luce,Crossbench
https://hansard.parliament.uk/search/MemberContributions?house=Lords&memberId=4536,Lord O'Neill of Gatley,Crossbench
https://hansard.parliament.uk/search/MemberContributions?house=Lords&memberId=3577,Lord Grantchester,Labour
https://hansard.parliament.uk/search/MemberContributions?house=Commons&memberId=17,John Bercow,Speaker
https://hansard.parliament.uk/search/MemberContributions?house=Lords&memberId=134,Lord Framlingham,Conservative
https://hansard.parliament.uk/search/MemberContributions?house=Lords&memberId=3688,Lord Giddens,Labour
https://hansard.parliament.uk/search/MemberContributions?house=Lords&memberId=4191,Lord Green of Hurstpierpoint,Conservative
https://hansard.parliament.uk/search/MemberContributions?house=Lords&memberId=4167,Baroness Benjamin,Liberal Democrat
https://hansard.parliament.uk/search/MemberContributions?house=Lords&memberId=4233,Lord Stirrup,Crossbench
https://hansard.parliament.uk/search/MemberContributions?house=Lords&memberId=3857,Baroness Manningham-Buller,Crossbench
https://hansard.parliament.uk/search/MemberContributions?house=Commons&memberId=4589,Robert Courts,Conservative
https://hansard.parliament.uk/search/MemberContributions?house=Lords&memberId=3783,Lord Crisp,Crossbench
https://hansard.parliament.uk/search/MemberContributions?house=Lords&memberId=337,Lord Garnier,Conservative
https://hansard.parliament.uk/search/MemberContributions?house=Commons&memberId=441,Mr Ivan Lewis,Independent
https://hansard.parliament.uk/search/MemberContributions?house=Lords&memberId=4297,Baroness Jones of Moulsecoomb,Green Party
https://hansard.parliament.uk/search/MemberContributions?house=Commons&memberId=4621,Darren Jones,Labour
https://hansard.parliament.uk/search/MemberContributions?house=Lords&memberId=500,Lord Mandelson,Labour
https://hansard.parliament.uk/search/MemberContributions?house=Commons&memberId=4099,Mr Jacob Rees-Mogg,Conservative
https://hansard.parliament.uk/search/MemberContributions?house=Commons&memberId=4518,Tulip Siddiq,Labour
https://hansard.parliament.uk/search/MemberContributions?house=Lords&memberId=276,Lord Grocott,Labour
https://hansard.parliament.uk/search/MemberContributions?house=Commons&memberId=16,Mr Dominic Grieve,Conservative
https://hansard.parliament.uk/search/MemberContributions?house=Lords&memberId=3830,Lord Mawson,Crossbench
https://hansard.parliament.uk/search/MemberContributions?house=Lords&memberId=2441,Baroness O'Neill of Bengarve,Crossbench
https://hansard.parliament.uk/search/MemberContributions?house=Lords&memberId=2533,Lord Birt,Crossbench
https://hansard.parliament.uk/search/MemberContributions?house=Commons&memberId=491,Ms Angela Eagle,Labour
https://hansard.parliament.uk/search/MemberContributions?house=Lords&memberId=3705,Lord Cameron of Dillington,Crossbench
https://hansard.parliament.uk/search/MemberContributions?house=Commons&memberId=4625,Paul Masterton,Conservative
https://hansard.parliament.uk/search/MemberContributions?house=Lords&memberId=2488,Lord Harrison,Labour
https://hansard.parliament.uk/search/MemberContributions?house=Lords&memberId=2501,Baroness Barker,Liberal Democrat
https://hansard.parliament.uk/search/MemberContributions?house=Lords&memberId=1164,Baroness Nicholson of Winterbourne,Conservative
https://hansard.parliament.uk/search/MemberContributions?house=Commons&memberId=545,Paul Flynn,Labour
https://hansard.parliament.uk/search/MemberContributions?house=Lords&memberId=4145,Lord Wei,Conservative
https://hansard.parliament.uk/search/MemberContributions?house=Lords&memberId=3797,Lord Marland,Conservative
https://hansard.parliament.uk/search/MemberContributions?house=Commons&memberId=1491,Kerry McCarthy,Labour
https://hansard.parliament.uk/search/MemberContributions?house=Lords&memberId=987,Lord Davies of Oldham,Labour
https://hansard.parliament.uk/search/MemberContributions?house=Lords&memberId=4278,Lord Livingston of Parkhead,Conservative
https://hansard.parliament.uk/search/MemberContributions?house=Lords&memberId=4596,Lord Colgrain,Conservative
https://hansard.parliament.uk/search/MemberContributions?house=Commons&memberId=1527,Mr Douglas Carswell,UK Independence Party
https://hansard.parliament.uk/search/MemberContributions?house=Lords&memberId=3834,Lord West of Spithead,Labour
https://hansard.parliament.uk/search/MemberContributions?house=Lords&memberId=4705,Lord Anderson of Ipswich,Crossbench
https://hansard.parliament.uk/search/MemberContributions?house=Commons&memberId=3969,Mr Damian Hinds,Conservative
https://hansard.parliament.uk/search/MemberContributions?house=Lords&memberId=3187,Lord Norton of Louth,Conservative
https://hansard.parliament.uk/search/MemberContributions?house=Lords&memberId=4282,Lord Bourne of Aberystwyth,Conservative
https://hansard.parliament.uk/search/MemberContributions?house=Lords&memberId=3751,Lord Rees of Ludlow,Crossbench
https://hansard.parliament.uk/search/MemberContributions?house=Commons&memberId=1587,Mr Pat McFadden,Labour
https://hansard.parliament.uk/search/MemberContributions?house=Lords&memberId=2699,Lord Desai,Labour
https://hansard.parliament.uk/search/MemberContributions?house=Lords&memberId=657,Lord Kilclooney,Crossbench
https://hansard.parliament.uk/search/MemberContributions?house=Commons&memberId=1496,Mr Shailesh Vara,Conservative
https://hansard.parliament.uk/search/MemberContributions?house=Commons&memberId=76,Damian Green,Conservative
https://hansard.parliament.uk/search/MemberContributions?house=Lords&memberId=4168,Lord McConnell of Glenscorrodale,Labour
https://hansard.parliament.uk/search/MemberContributions?house=Lords&memberId=1136,Lord Patten of Barnes,Conservative
https://hansard.parliament.uk/search/MemberContributions?house=Lords&memberId=143,Baroness King of Bow,Labour
https://hansard.parliament.uk/search/MemberContributions?house=Commons&memberId=4592,Dr Caroline Johnson,Conservative
https://hansard.parliament.uk/search/MemberContributions?house=Commons&memberId=1423,Boris Johnson,Conservative
https://hansard.parliament.uk/search/MemberContributions?house=Lords&memberId=4690,Baroness Fairhead,Conservative
https://hansard.parliament.uk/search/MemberContributions?house=Lords&memberId=4534,Lord Dunlop,Conservative
https://hansard.parliament.uk/search/MemberContributions?house=Lords&memberId=4158,Lord McAvoy,Labour
https://hansard.parliament.uk/search/MemberContributions?house=Lords&memberId=3694,Lord McKenzie of Luton,Labour
https://hansard.parliament.uk/search/MemberContributions?house=Lords&memberId=2171,Lord Condon,Crossbench
https://hansard.parliament.uk/search/MemberContributions?house=Commons&memberId=1526,Greg Hands,Conservative
https://hansard.parliament.uk/search/MemberContributions?house=Lords&memberId=4331,Baroness Helic,Conservative
https://hansard.parliament.uk/search/MemberContributions?house=Commons&memberId=4521,Liz Saville Roberts,Plaid Cymru
https://hansard.parliament.uk/search/MemberContributions?house=Commons&memberId=36,Dame Eleanor Laing,Conservative
https://hansard.parliament.uk/search/MemberContributions?house=Lords&memberId=840,Lord Garel-Jones,Conservative
https://hansard.parliament.uk/search/MemberContributions?house=Lords&memberId=1702,Lord Tomlinson,Labour
https://hansard.parliament.uk/search/MemberContributions?house=Lords&memberId=4570,Lord Price,Conservative
https://hansard.parliament.uk/search/MemberContributions?house=Commons&memberId=4264,Stephen Doughty,Labour (Co-op)
https://hansard.parliament.uk/search/MemberContributions?house=Commons&memberId=4682,Luke Pollard,Labour (Co-op)
https://hansard.parliament.uk/search/MemberContributions?house=Commons&memberId=1447,Andrew Rosindell,Conservative
https://hansard.parliament.uk/search/MemberContributions?house=Lords&memberId=4183,Lord Faulks,Conservative
https://hansard.parliament.uk/search/MemberContributions?house=Lords&memberId=3766,Lord Kakkar,Crossbench
https://hansard.parliament.uk/search/MemberContributions?house=Lords&memberId=4539,Lord Mountevans,Crossbench
https://hansard.parliament.uk/search/MemberContributions?house=Commons&memberId=3990,Richard Graham,Conservative
https://hansard.parliament.uk/search/MemberContributions?house=Commons&memberId=54,Dr Julian Lewis,Conservative
https://hansard.parliament.uk/search/MemberContributions?house=Lords&memberId=4586,Lord Macpherson of Earl's Court,Crossbench
https://hansard.parliament.uk/search/MemberContributions?house=Lords&memberId=1251,Lord Naseby,Conservative
https://hansard.parliament.uk/search/MemberContributions?house=Commons&memberId=1513,Jo Swinson,Liberal Democrat
https://hansard.parliament.uk/search/MemberContributions?house=Commons&memberId=4077,Emma Reynolds,Labour
https://hansard.parliament.uk/search/MemberContributions?house=Lords&memberId=3607,Baroness Howarth of Breckland,Crossbench
https://hansard.parliament.uk/search/MemberContributions?house=Lords&memberId=3758,Lord Turnbull,Crossbench
https://hansard.parliament.uk/search/MemberContributions?house=Lords&memberId=3902,Baroness O'Loan,Crossbench
https://hansard.parliament.uk/search/MemberContributions?house=Lords&memberId=3163,Lord Paul,Non-affiliated
https://hansard.parliament.uk/search/MemberContributions?house=Commons&memberId=481,Mr George Howarth,Labour
https://hansard.parliament.uk/search/MemberContributions?house=Lords&memberId=1755,Baroness Young of Old Scone,Labour
https://hansard.parliament.uk/search/MemberContributions?house=Lords&memberId=4173,Lord Popat,Conservative
https://hansard.parliament.uk/search/MemberContributions?house=Lords&memberId=1770,Lord Winston,Labour
https://hansard.parliament.uk/search/MemberContributions?house=Commons&memberId=44,Sir David Amess,Conservative
https://hansard.parliament.uk/search/MemberContributions?house=Lords&memberId=3799,Lord James of Blackheath,Conservative
https://hansard.parliament.uk/search/MemberContributions?house=Lords&memberId=787,Lord Cope of Berkeley,Conservative
https://hansard.parliament.uk/search/MemberContributions?house=Commons&memberId=4092,Stephen Metcalfe,Conservative
https://hansard.parliament.uk/search/MemberContributions?house=Commons&memberId=4361,Matt Warman,Conservative
https://hansard.parliament.uk/search/MemberContributions?house=Lords&memberId=4582,Baroness Bloomfield of Hinton Waldrist,Conservative
https://hansard.parliament.uk/search/MemberContributions?house=Lords&memberId=0,,
https://hansard.parliament.uk/search/MemberContributions?house=Lords&memberId=2539,Baroness Northover,Liberal Democrat
https://hansard.parliament.uk/search/MemberContributions?house=Commons&memberId=4391,Judith Cummins,Labour
https://hansard.parliament.uk/search/MemberContributions?house=Lords&memberId=4305,Lord Bamford,Conservative
https://hansard.parliament.uk/search/MemberContributions?house=Lords&memberId=1067,Lord Higgins,Conservative
https://hansard.parliament.uk/search/MemberContributions?house=Lords&memberId=349,Viscount Hailsham,Conservative
https://hansard.parliament.uk/search/MemberContributions?house=Lords&memberId=3478,Lord Alderdice,Liberal Democrat
https://hansard.parliament.uk/search/MemberContributions?house=Lords&memberId=4258,Baroness Kidron,Crossbench
https://hansard.parliament.uk/search/MemberContributions?house=Lords&memberId=4197,Baroness Doocey,Liberal Democrat
https://hansard.parliament.uk/search/MemberContributions?house=Lords&memberId=4541,The Duke of Wellington,Conservative
https://hansard.parliament.uk/search/MemberContributions?house=Lords&memberId=4546,Baroness Stroud,Conservative
https://hansard.parliament.uk/search/MemberContributions?house=Commons&memberId=4622,Luke Graham,Conservative
https://hansard.parliament.uk/search/MemberContributions?house=Commons&memberId=1554,Stephen Crabb,Conservative
https://hansard.parliament.uk/search/MemberContributions?house=Lords&memberId=100,Lord Hamilton of Epsom,Conservative
https://hansard.parliament.uk/search/MemberContributions?house=Lords&memberId=4216,Lord Empey,Ulster Unionist Party
https://hansard.parliament.uk/search/MemberContributions?house=Lords&memberId=4540,The Lord Bishop of Gloucester,Bishops
https://hansard.parliament.uk/search/MemberContributions?house=Commons&memberId=1565,Philip Davies,Conservative
https://hansard.parliament.uk/search/MemberContributions?house=Lords&memberId=4338,Lord Lennie,Labour
https://hansard.parliament.uk/search/MemberContributions?house=Commons&memberId=4074,Mark Garnier,Conservative
https://hansard.parliament.uk/search/MemberContributions?house=Commons&memberId=390,Dame Rosie Winterton,Labour
https://hansard.parliament.uk/search/MemberContributions?house=Commons&memberId=4140,Mr David Nuttall,Conservative
https://hansard.parliament.uk/search/MemberContributions?house=Commons&memberId=280,Michael Fabricant,Conservative
https://hansard.parliament.uk/search/MemberContributions?house=Lords&memberId=489,Lord Watts,Labour
https://hansard.parliament.uk/search/MemberContributions?house=Lords&memberId=579,Lord Foulkes of Cumnock,Labour
https://hansard.parliament.uk/search/MemberContributions?house=Lords&memberId=615,Lord Bruce of Bennachie,Liberal Democrat
https://hansard.parliament.uk/search/MemberContributions?house=Lords&memberId=4563,Lord Mair,Crossbench
https://hansard.parliament.uk/search/MemberContributions?house=Commons&memberId=345,Sir Edward Leigh,Conservative
https://hansard.parliament.uk/search/MemberContributions?house=Lords&memberId=1846,Baroness Mallalieu,Labour
https://hansard.parliament.uk/search/MemberContributions?house=Commons&memberId=14,John Redwood,Conservative
https://hansard.parliament.uk/search/MemberContributions?house=Lords&memberId=3701,Baroness McDonagh,Labour
https://hansard.parliament.uk/search/MemberContributions?house=Lords&memberId=3862,Baroness Grey-Thompson,Crossbench
https://hansard.parliament.uk/search/MemberContributions?house=Commons&memberId=55,Sir Desmond Swayne,Conservative
https://hansard.parliament.uk/search/MemberContributions?house=Commons&memberId=288,Sir William Cash,Conservative
https://hansard.parliament.uk/search/MemberContributions?house=Commons&memberId=4416,George Kerevan,Scottish National Party
https://hansard.parliament.uk/search/MemberContributions?house=Commons&memberId=4523,Catherine West,Labour
https://hansard.parliament.uk/search/MemberContributions?house=Commons&memberId=4678,Sandy Martin,Labour
https://hansard.parliament.uk/search/MemberContributions?house=Lords&memberId=2735,The Earl of Dundee,Conservative
https://hansard.parliament.uk/search/MemberContributions?house=Lords&memberId=952,Lord Tebbit,Conservative
https://hansard.parliament.uk/search/MemberContributions?house=Commons&memberId=1593,Sammy Wilson,Democratic Unionist Party
https://hansard.parliament.uk/search/MemberContributions?house=Commons&memberId=4130,Ms Margaret Ritchie,Social Democratic & Labour Party
https://hansard.parliament.uk/search/MemberContributions?house=Commons&memberId=4357,Kirsty Blackman,Scottish National Party
https://hansard.parliament.uk/search/MemberContributions?house=Lords&memberId=445,Lord Stunell,Liberal Democrat
https://hansard.parliament.uk/search/MemberContributions?house=Lords&memberId=3869,Lord Myners,Crossbench
https://hansard.parliament.uk/search/MemberContributions?house=Lords&memberId=2809,Lord Elystan-Morgan,Crossbench
https://hansard.parliament.uk/search/MemberContributions?house=Commons&memberId=253,Mr Laurence Robertson,Conservative
https://hansard.parliament.uk/search/MemberContributions?house=Commons&memberId=4604,Stephen Kerr,Conservative
https://hansard.parliament.uk/search/MemberContributions?house=Commons&memberId=411,Mr Barry Sheerman,Labour (Co-op)
https://hansard.parliament.uk/search/MemberContributions?house=Commons&memberId=4430,Alison Thewliss,Scottish National Party
https://hansard.parliament.uk/search/MemberContributions?house=Commons&memberId=1601,Robert Neill,Conservative
https://hansard.parliament.uk/search/MemberContributions?house=Commons&memberId=1425,Mr Jonathan Djanogly,Conservative
https://hansard.parliament.uk/search/MemberContributions?house=Lords&memberId=2545,Lord Parekh,Labour
https://hansard.parliament.uk/search/MemberContributions?house=Lords&memberId=1883,Lord Mackay of Clashfern,Conservative
https://hansard.parliament.uk/search/MemberContributions?house=Lords&memberId=3515,Viscount Bridgeman,Conservative
https://hansard.parliament.uk/search/MemberContributions?house=Lords&memberId=4324,Baroness Harding of Winscombe,Conservative
https://hansard.parliament.uk/search/MemberContributions?house=Lords&memberId=2644,Lord Haskins,Crossbench
https://hansard.parliament.uk/search/MemberContributions?house=Lords&memberId=3595,Lord Griffiths of Fforestfach,Conservative
https://hansard.parliament.uk/search/MemberContributions?house=Commons&memberId=366,Mr Kenneth Clarke,Conservative
https://hansard.parliament.uk/search/MemberContributions?house=Lords&memberId=3803,Lord Low of Dalston,Crossbench
https://hansard.parliament.uk/search/MemberContributions?house=Lords&memberId=3829,Baroness Coussins,Crossbench
https://hansard.parliament.uk/search/MemberContributions?house=Commons&memberId=4134,Kwasi Kwarteng,Conservative
https://hansard.parliament.uk/search/MemberContributions?house=Lords&memberId=1000,Lord Hoyle,Labour
https://hansard.parliament.uk/search/MemberContributions?house=Lords&memberId=3425,Earl Attlee,Conservative
https://hansard.parliament.uk/search/MemberContributions?house=Lords&memberId=1651,Lord Hodgson of Astley Abbotts,Conservative
https://hansard.parliament.uk/search/MemberContributions?house=Lords&memberId=407,Baroness Taylor of Bolton,Labour
https://hansard.parliament.uk/search/MemberContributions?house=Commons&memberId=223,Dr Liam Fox,Conservative
https://hansard.parliament.uk/search/MemberContributions?house=Commons&memberId=3972,Jenny Chapman,Labour
https://hansard.parliament.uk/search/MemberContributions?house=Lords&memberId=1922,The Duke of Montrose,Conservative
https://hansard.parliament.uk/search/MemberContributions?house=Commons&memberId=4113,Nadhim Zahawi,Conservative
https://hansard.parliament.uk/search/MemberContributions?house=Lords&memberId=186,Lord Smith of Finsbury,Non-affiliated
https://hansard.parliament.uk/search/MemberContributions?house=Commons&memberId=1427,Andy Burnham,Labour
https://hansard.parliament.uk/search/MemberContributions?house=Commons&memberId=4088,Stella Creasy,Labour (Co-op)
https://hansard.parliament.uk/search/MemberContributions?house=Lords&memberId=4209,Lord Loomba,Crossbench
https://hansard.parliament.uk/search/MemberContributions?house=Commons&memberId=0,,
https://hansard.parliament.uk/search/MemberContributions?house=Commons&memberId=152,Mr Iain Duncan Smith,Conservative
https://hansard.parliament.uk/search/MemberContributions?house=Commons&memberId=1506,Andrew Gwynne,Labour
https://hansard.parliament.uk/search/MemberContributions?house=Commons&memberId=1537,Mr Philip Hollobone,Conservative
https://hansard.parliament.uk/search/MemberContributions?house=Lords&memberId=4215,Lord Stoneham of Droxford,Liberal Democrat
https://hansard.parliament.uk/search/MemberContributions?house=Lords&memberId=2054,The Earl of Listowel,Crossbench
https://hansard.parliament.uk/search/MemberContributions?house=Lords&memberId=270,Lord Spicer,Conservative
https://hansard.parliament.uk/search/MemberContributions?house=Commons&memberId=4663,Ben Bradley,Conservative
https://hansard.parliament.uk/search/MemberContributions?house=Commons&memberId=1581,Mr Peter Bone,Conservative
https://hansard.parliament.uk/search/MemberContributions?house=Commons&memberId=247,Sir Oliver Letwin,Conservative
https://hansard.parliament.uk/search/MemberContributions?house=Lords&memberId=2608,The Earl of Glasgow,Liberal Democrat
https://hansard.parliament.uk/search/MemberContributions?house=Commons&memberId=1446,Chris Bryant,Labour
https://hansard.parliament.uk/search/MemberContributions?house=Lords&memberId=3651,Lord Triesman,Labour
https://hansard.parliament.uk/search/MemberContributions?house=Commons&memberId=4398,Chris Green,Conservative
https://hansard.parliament.uk/search/MemberContributions?house=Commons&memberId=1564,Angela Smith,Labour
https://hansard.parliament.uk/search/MemberContributions?house=Commons&memberId=39,Mr John Whittingdale,Conservative
https://hansard.parliament.uk/search/MemberContributions?house=Commons&memberId=4465,Ronnie Cowan,Scottish National Party
https://hansard.parliament.uk/search/MemberContributions?house=Commons&memberId=4035,Steve Rotheram,Labour
https://hansard.parliament.uk/search/MemberContributions?house=Commons&memberId=68,Lord Lilley,Conservative
https://hansard.parliament.uk/search/MemberContributions?house=Commons&memberId=4410,Julian Knight,Conservative
https://hansard.parliament.uk/search/MemberContributions?house=Commons&memberId=1512,David Mundell,Conservative
https://hansard.parliament.uk/search/MemberContributions?house=Lords&memberId=2113,Baroness Sharp of Guildford,Liberal Democrat
https://hansard.parliament.uk/search/MemberContributions?house=Lords&memberId=4147,Baroness Sherlock,Labour
https://hansard.parliament.uk/search/MemberContributions?house=Commons&memberId=4381,Danny Kinahan,Ulster Unionist Party
https://hansard.parliament.uk/search/MemberContributions?house=Lords&memberId=2492,Lord Lipsey,Non-affiliated
https://hansard.parliament.uk/search/MemberContributions?house=Lords&memberId=3276,Baroness Ramsay of Cartvale,Labour
https://hansard.parliament.uk/search/MemberContributions?house=Lords&memberId=3787,Lord Taylor of Holbeach,Conservative
https://hansard.parliament.uk/search/MemberContributions?house=Lords&memberId=4182,Lord Blair of Boughton,Crossbench
https://hansard.parliament.uk/search/MemberContributions?house=Lords&memberId=3703,Baroness Royall of Blaisdon,Labour
https://hansard.parliament.uk/search/MemberContributions?house=Lords&memberId=4580,Baroness Vere of Norbiton,Conservative
https://hansard.parliament.uk/search/MemberContributions?house=Lords&memberId=3867,Lord Judge,Crossbench
https://hansard.parliament.uk/search/MemberContributions?house=Commons&memberId=4602,Wera Hobhouse,Liberal Democrat
https://hansard.parliament.uk/search/MemberContributions?house=Lords&memberId=4347,Baroness Wolf of Dulwich,Crossbench
https://hansard.parliament.uk/search/MemberContributions?house=Lords&memberId=4350,The Lord Bishop of Salisbury,Bishops
https://hansard.parliament.uk/search/MemberContributions?house=Commons&memberId=261,James Gray,Conservative
https://hansard.parliament.uk/search/MemberContributions?house=Commons&memberId=4132,Richard Drax,Conservative
https://hansard.parliament.uk/search/MemberContributions?house=Commons&memberId=4097,Elizabeth Truss,Conservative
https://hansard.parliament.uk/search/MemberContributions?house=Commons&memberId=3985,Robert Halfon,Conservative
https://hansard.parliament.uk/search/MemberContributions?house=Lords&memberId=3692,Baroness Murphy,Crossbench
https://hansard.parliament.uk/search/MemberContributions?house=Commons&memberId=4486,Hannah Bardell,Scottish National Party
https://hansard.parliament.uk/search/MemberContributions?house=Lords&memberId=778,Baroness Chalker of Wallasey,Conservative
https://hansard.parliament.uk/search/MemberContributions?house=Commons&memberId=312,Dame Caroline Spelman,Conservative
https://hansard.parliament.uk/search/MemberContributions?house=Commons&memberId=1530,James Brokenshire,Conservative
https://hansard.parliament.uk/search/MemberContributions?house=Commons&memberId=4647,Julia Lopez,Conservative
https://hansard.parliament.uk/search/MemberContributions?house=Commons&memberId=389,Caroline Flint,Labour
https://hansard.parliament.uk/search/MemberContributions?house=Lords&memberId=2018,Lord Hylton,Crossbench
https://hansard.parliament.uk/search/MemberContributions?house=Lords&memberId=596,Lord Darling of Roulanish,Labour
https://hansard.parliament.uk/search/MemberContributions?house=Lords&memberId=2447,Viscount Eccles,Conservative
https://hansard.parliament.uk/search/MemberContributions?house=Commons&memberId=4442,Huw Merriman,Conservative
https://hansard.parliament.uk/search/MemberContributions?house=Lords&memberId=3744,Lord Ramsbotham,Crossbench
https://hansard.parliament.uk/search/MemberContributions?house=Commons&memberId=3974,Claire Perry,Conservative
https://hansard.parliament.uk/search/MemberContributions?house=Commons&memberId=4119,Jonathan Reynolds,Labour (Co-op)
https://hansard.parliament.uk/search/MemberContributions?house=Commons&memberId=1514,Stewart Hosie,Scottish National Party
https://hansard.parliament.uk/search/MemberContributions?house=Lords&memberId=3453,Lord Addington,Liberal Democrat
https://hansard.parliament.uk/search/MemberContributions?house=Lords&memberId=4703,Baroness Barran,Conservative
https://hansard.parliament.uk/search/MemberContributions?house=Commons&memberId=1388,Nigel Dodds,Democratic Unionist Party
https://hansard.parliament.uk/search/MemberContributions?house=Commons&memberId=4133,Andrew Bridgen,Conservative
https://hansard.parliament.uk/search/MemberContributions?house=Commons&memberId=87,Sir Roger Gale,Conservative
https://hansard.parliament.uk/search/MemberContributions?house=Lords&memberId=4157,Baroness Wheeler,Labour
https://hansard.parliament.uk/search/MemberContributions?house=Lords&memberId=4204,Lord Strasburger,Liberal Democrat
https://hansard.parliament.uk/search/MemberContributions?house=Lords&memberId=4217,Lord Wood of Anfield,Labour
https://hansard.parliament.uk/search/MemberContributions?house=Lords&memberId=2483,Lord Bradshaw,Liberal Democrat
https://hansard.parliament.uk/search/MemberContributions?house=Lords&memberId=4164,Baroness Hussein-Ece,Liberal Democrat
https://hansard.parliament.uk/search/MemberContributions?house=Commons&memberId=4131,Jim Shannon,Democratic Unionist Party
https://hansard.parliament.uk/search/MemberContributions?house=Commons&memberId=4611,Emma Little Pengelly,Democratic Unionist Party
https://hansard.parliament.uk/search/MemberContributions?house=Commons&memberId=4109,Jeremy Lefroy,Conservative
https://hansard.parliament.uk/search/MemberContributions?house=Commons&memberId=4481,Alex Chalk,Conservative
https://hansard.parliament.uk/search/MemberContributions?house=Commons&memberId=4522,Rebecca Pow,Conservative
https://hansard.parliament.uk/search/MemberContributions?house=Commons&memberId=4136,Nigel Mills,Conservative
https://hansard.parliament.uk/search/MemberContributions?house=Commons&memberId=1579,Mary Creagh,Labour
https://hansard.parliament.uk/search/MemberContributions?house=Lords&memberId=4574,The Earl of Cork and Orrery,Crossbench
https://hansard.parliament.uk/search/MemberContributions?house=Commons&memberId=422,Mr Chris Leslie,Labour (Co-op)
https://hansard.parliament.uk/search/MemberContributions?house=Commons&memberId=4470,Alan Brown,Scottish National Party
https://hansard.parliament.uk/search/MemberContributions?house=Commons&memberId=3943,Jonathan Edwards,Plaid Cymru
https://hansard.parliament.uk/search/MemberContributions?house=Lords&memberId=2804,The Earl of Erroll,Crossbench
https://hansard.parliament.uk/search/MemberContributions?house=Lords&memberId=4276,Lord Berkeley of Knighton,Crossbench
https://hansard.parliament.uk/search/MemberContributions?house=Lords&memberId=4283,Lord Finkelstein,Conservative
https://hansard.parliament.uk/search/MemberContributions?house=Lords&memberId=3550,Lord Blackwell,Conservative
https://hansard.parliament.uk/search/MemberContributions?house=Commons&memberId=4366,James Cleverly,Conservative
https://hansard.parliament.uk/search/MemberContributions?house=Commons&memberId=1568,Mrs Anne Main,Conservative
https://hansard.parliament.uk/search/MemberContributions?house=Lords&memberId=3451,Lord Bach,Labour
https://hansard.parliament.uk/search/MemberContributions?house=Commons&memberId=207,Sir Vince Cable,Liberal Democrat
https://hansard.parliament.uk/search/MemberContributions?house=Commons&memberId=1398,Wayne David,Labour
https://hansard.parliament.uk/search/MemberContributions?house=Commons&memberId=4511,Dr Rupa Huq,Labour
https://hansard.parliament.uk/search/MemberContributions?house=Lords&memberId=950,Lord Stoddart of Swindon,Independent Labour
https://hansard.parliament.uk/search/MemberContributions?house=Lords&memberId=4154,Lord Deben,Conservative
https://hansard.parliament.uk/search/MemberContributions?house=Lords&memberId=2671,Lord Harris of Haringey,Labour
https://hansard.parliament.uk/search/MemberContributions?house=Commons&memberId=4212,Debbie Abrahams,Labour
https://hansard.parliament.uk/search/MemberContributions?house=Lords&memberId=3682,Lord Truscott,Independent Labour
https://hansard.parliament.uk/search/MemberContributions?house=Commons&memberId=4042,Owen Smith,Labour
https://hansard.parliament.uk/search/MemberContributions?house=Lords&memberId=494,Lord Hutton of Furness,Labour
https://hansard.parliament.uk/search/MemberContributions?house=Commons&memberId=1580,Mr Edward Vaizey,Conservative
https://hansard.parliament.uk/search/MemberContributions?house=Commons&memberId=1516,Andy Slaughter,Labour
https://hansard.parliament.uk/search/MemberContributions?house=Lords&memberId=3575,Baroness Goudie,Labour
https://hansard.parliament.uk/search/MemberContributions?house=Commons&memberId=4083,Alison McGovern,Labour
https://hansard.parliament.uk/search/MemberContributions?house=Commons&memberId=4599,Ross Thomson,Conservative
https://hansard.parliament.uk/search/MemberContributions?house=Commons&memberId=4128,Chuka Umunna,Labour
https://hansard.parliament.uk/search/MemberContributions?house=Commons&memberId=4519,James Cartlidge,Conservative
https://hansard.parliament.uk/search/MemberContributions?house=Commons&memberId=4649,Thelma Walker,Labour
https://hansard.parliament.uk/search/MemberContributions?house=Commons&memberId=4506,Antoinette Sandbach,Conservative
https://hansard.parliament.uk/search/MemberContributions?house=Commons&memberId=242,Sir Christopher Chope,Conservative
https://hansard.parliament.uk/search/MemberContributions?house=Commons&memberId=47,Sir Gerald Howarth,Conservative
https://hansard.parliament.uk/search/MemberContributions?house=Commons&memberId=4122,Alex Cunningham,Labour
https://hansard.parliament.uk/search/MemberContributions?house=Lords&memberId=4155,Baroness Drake,Labour
https://hansard.parliament.uk/search/MemberContributions?house=Commons&memberId=1484,Helen Goodman,Labour
https://hansard.parliament.uk/search/MemberContributions?house=Commons&memberId=4613,Alex Burghart,Conservative
https://hansard.parliament.uk/search/MemberContributions?house=Lords&memberId=2776,Baroness Farrington of Ribbleton,Labour
https://hansard.parliament.uk/search/MemberContributions?house=Lords&memberId=1039,Lord Lawson of Blaby,Conservative
https://hansard.parliament.uk/search/MemberContributions?house=Lords&memberId=1775,Lord Willoughby de Broke,Non-affiliated
https://hansard.parliament.uk/search/MemberContributions?house=Lords&memberId=395,Lord Blunkett,Labour
https://hansard.parliament.uk/search/MemberContributions?house=Lords&memberId=565,Lord Morris of Aberavon,Labour
https://hansard.parliament.uk/search/MemberContributions?house=Lords&memberId=1688,Lord Richard,Labour
https://hansard.parliament.uk/search/MemberContributions?house=Lords&memberId=4583,Baroness Couttie,Conservative
https://hansard.parliament.uk/search/MemberContributions?house=Lords&memberId=496,Lord Cunningham of Felling,Labour
https://hansard.parliament.uk/search/MemberContributions?house=Lords&memberId=2173,Lord Sutherland of Houndwood,Crossbench
https://hansard.parliament.uk/search/MemberContributions?house=Lords&memberId=1649,Baroness Hayman,Crossbench
https://hansard.parliament.uk/search/MemberContributions?house=Lords&memberId=3847,Baroness Afshar,Crossbench
https://hansard.parliament.uk/search/MemberContributions?house=Lords&memberId=2463,Earl Cathcart,Conservative
https://hansard.parliament.uk/search/MemberContributions?house=Lords&memberId=830,Baroness Fookes,Conservative
https://hansard.parliament.uk/search/MemberContributions?house=Lords&memberId=1813,Lord Trefgarne,Conservative
https://hansard.parliament.uk/search/MemberContributions?house=Lords&memberId=4702,Lord McNicol of West Kilbride,Labour
https://hansard.parliament.uk/search/MemberContributions?house=Lords&memberId=3359,The Earl of Courtown,Conservative
https://hansard.parliament.uk/search/MemberContributions?house=Lords&memberId=4248,Viscount Colville of Culross,Crossbench
https://hansard.parliament.uk/search/MemberContributions?house=Lords&memberId=2079,Lord Laming,Crossbench
https://hansard.parliament.uk/search/MemberContributions?house=Lords&memberId=3504,Lord Bassam of Brighton,Labour
https://hansard.parliament.uk/search/MemberContributions?house=Lords&memberId=4190,Baroness Hollins,Crossbench
https://hansard.parliament.uk/search/MemberContributions?house=Lords&memberId=1892,Lord McColl of Dulwich,Conservative
https://hansard.parliament.uk/search/MemberContributions?house=Lords&memberId=3192,Lord Palmer,Crossbench
https://hansard.parliament.uk/search/MemberContributions?house=Lords&memberId=4551,Baroness Redfern,Conservative
https://hansard.parliament.uk/search/MemberContributions?house=Lords&memberId=4294,Lord Holmes of Richmond,Conservative
https://hansard.parliament.uk/search/MemberContributions?house=Lords&memberId=2506,Baroness McIntosh of Hudnall,Labour
https://hansard.parliament.uk/search/MemberContributions?house=Lords&memberId=2147,The Earl of Shrewsbury,Conservative
https://hansard.parliament.uk/search/MemberContributions?house=Lords&memberId=511,,
https://hansard.parliament.uk/search/MemberContributions?house=Lords&memberId=4256,The Lord Bishop of Winchester,Bishops
https://hansard.parliament.uk/search/MemberContributions?house=Lords&memberId=3278,Baroness Rawlings,Conservative
https://hansard.parliament.uk/search/MemberContributions?house=Lords&memberId=2555,Lord Morgan,Labour
https://hansard.parliament.uk/search/MemberContributions?house=Lords&memberId=4696,The Lord Bishop of London,Bishops
https://hansard.parliament.uk/search/MemberContributions?house=Lords&memberId=1773,Lord Woolf,Crossbench
https://hansard.parliament.uk/search/MemberContributions?house=Lords&memberId=4319,The Lord Bishop of Ely,Bishops
https://hansard.parliament.uk/search/MemberContributions?house=Lords&memberId=3271,Lord Redesdale,Liberal Democrat
https://hansard.parliament.uk/search/MemberContributions?house=Lords&memberId=238,Lord Burnett,Liberal Democrat
https://hansard.parliament.uk/search/MemberContributions?house=Lords&memberId=2758,Lord Falconer of Thoroton,Labour
https://hansard.parliament.uk/search/MemberContributions?house=Lords&memberId=3786,Lord Cotter,Liberal Democrat
https://hansard.parliament.uk/search/MemberContributions?house=Lords&memberId=1051,Lord Hughes of Woodside,Labour
https://hansard.parliament.uk/search/MemberContributions?house=Lords&memberId=4281,Lord Borwick,Conservative
https://hansard.parliament.uk/search/MemberContributions?house=Lords&memberId=1861,The Countess of Mar,Crossbench
https://hansard.parliament.uk/search/MemberContributions?house=Lords&memberId=648,Lord Maginnis of Drumglass,Independent Ulster Unionist
https://hansard.parliament.uk/search/MemberContributions?house=Lords&memberId=4704,Baroness Boycott,Crossbench
https://hansard.parliament.uk/search/MemberContributions?house=Lords&memberId=2503,Baroness Gale,Labour
https://hansard.parliament.uk/search/MemberContributions?house=Lords&memberId=2790,Baroness Eccles of Moulton,Conservative
https://hansard.parliament.uk/search/MemberContributions?house=Lords&memberId=2510,Baroness Whitaker,Labour
https://hansard.parliament.uk/search/MemberContributions?house=Lords&memberId=1807,Lord Vinson,Conservative
https://hansard.parliament.uk/search/MemberContributions?house=Lords&memberId=115,Lord Maude of Horsham,Conservative
https://hansard.parliament.uk/search/MemberContributions?house=Lords&memberId=1116,Lord Clinton-Davis,Labour
https://hansard.parliament.uk/search/MemberContributions?house=Lords&memberId=4564,Lord Bird,Crossbench
https://hansard.parliament.uk/search/MemberContributions?house=Lords&memberId=4205,Baroness Stowell of Beeston,Non-affiliated
https://hansard.parliament.uk/search/MemberContributions?house=Lords&memberId=4229,Baroness Jenkin of Kennington,Conservative
https://hansard.parliament.uk/search/MemberContributions?house=Lords&memberId=957,Lord Waldegrave of North Hill,Conservative
https://hansard.parliament.uk/search/MemberContributions?house=Lords&memberId=3121,Lord Skelmersdale,Conservative
https://hansard.parliament.uk/search/MemberContributions?house=Lords&memberId=4214,Lord Palmer of Childs Hill,Liberal Democrat
https://hansard.parliament.uk/search/MemberContributions?house=Lords&memberId=2170,Lord Ouseley,Crossbench
https://hansard.parliament.uk/search/MemberContributions?house=Lords&memberId=2685,Lord Dholakia,Liberal Democrat
https://hansard.parliament.uk/search/MemberContributions?house=Lords&memberId=3685,Baroness Morgan of Drefelin,Crossbench
https://hansard.parliament.uk/search/MemberContributions?house=Lords&memberId=2478,Lord Rogan,Ulster Unionist Party
https://hansard.parliament.uk/search/MemberContributions?house=Lords&memberId=3616,The Lord Bishop of Chester,Bishops
https://hansard.parliament.uk/search/MemberContributions?house=Lords&memberId=3395,Lord Christopher,Labour
https://hansard.parliament.uk/search/MemberContributions?house=Lords&memberId=200,Baroness Tonge,Non-affiliated
https://hansard.parliament.uk/search/MemberContributions?house=Lords&memberId=2812,Lord Elton,Conservative
https://hansard.parliament.uk/search/MemberContributions?house=Lords&memberId=110,,
https://hansard.parliament.uk/search/MemberContributions?house=Lords&memberId=3762,The Lord Archbishop of York,Bishops
https://hansard.parliament.uk/search/MemberContributions?house=Commons&memberId=4660,Lesley Laird,Labour
https://hansard.parliament.uk/search/MemberContributions?house=Commons&memberId=4650,Colin Clark,Conservative
https://hansard.parliament.uk/search/MemberContributions?house=Commons&memberId=4429,Mr William Wragg,Conservative
https://hansard.parliament.uk/search/MemberContributions?house=Commons&memberId=4494,Simon Hoare,Conservative
https://hansard.parliament.uk/search/MemberContributions?house=Commons&memberId=382,John Grogan,Labour
https://hansard.parliament.uk/search/MemberContributions?house=Commons&memberId=4062,Zac Goldsmith,Conservative
https://hansard.parliament.uk/search/MemberContributions?house=Commons&memberId=4443,Carol Monaghan,Scottish National Party
https://hansard.parliament.uk/search/MemberContributions?house=Commons&memberId=4439,Alberto Costa,Conservative
https://hansard.parliament.uk/search/MemberContributions?house=Commons&memberId=467,Sir Lindsay Hoyle,Labour
https://hansard.parliament.uk/search/MemberContributions?house=Commons&memberId=420,Yvette Cooper,Labour
https://hansard.parliament.uk/search/MemberContributions?house=Commons&memberId=1586,Adam Afriyie,Conservative
https://hansard.parliament.uk/search/MemberContributions?house=Commons&memberId=1400,Kevin Brennan,Labour
https://hansard.parliament.uk/search/MemberContributions?house=Commons&memberId=4359,Stephen Kinnock,Labour
https://hansard.parliament.uk/search/MemberContributions?house=Commons&memberId=4408,Christian Matheson,Labour
https://hansard.parliament.uk/search/MemberContributions?house=Commons&memberId=4507,Jeremy Quin,Conservative
https://hansard.parliament.uk/search/MemberContributions?house=Commons&memberId=3995,Nick Boles,Conservative
https://hansard.parliament.uk/search/MemberContributions?house=Commons&memberId=4513,Mims Davies,Conservative
https://hansard.parliament.uk/search/MemberContributions?house=Commons&memberId=360,Vernon Coaker,Labour
https://hansard.parliament.uk/search/MemberContributions?house=Commons&memberId=4385,Dr Philippa Whitford,Scottish National Party
https://hansard.parliament.uk/search/MemberContributions?house=Commons&memberId=410,Jon Trickett,Labour
https://hansard.parliament.uk/search/MemberContributions?house=Commons&memberId=4595,Gareth Snell,Labour (Co-op)
https://hansard.parliament.uk/search/MemberContributions?house=Commons&memberId=4052,Mark Pawsey,Conservative
https://hansard.parliament.uk/search/MemberContributions?house=Commons&memberId=163,Stephen Timms,Labour
https://hansard.parliament.uk/search/MemberContributions?house=Commons&memberId=4451,Kevin Foster,Conservative
https://hansard.parliament.uk/search/MemberContributions?house=Commons&memberId=1440,Pete Wishart,Scottish National Party
https://hansard.parliament.uk/search/MemberContributions?house=Lords&memberId=4345,The Lord Bishop of Southwark,Bishops
https://hansard.parliament.uk/search/MemberContributions?house=Commons&memberId=210,Kate Hoey,Labour
https://hansard.parliament.uk/search/MemberContributions?house=Commons&memberId=165,Clive Efford,Labour
https://hansard.parliament.uk/search/MemberContributions?house=Commons&memberId=4358,Wendy Morton,Conservative
https://hansard.parliament.uk/search/MemberContributions?house=Commons&memberId=450,Tony Lloyd,Labour
https://hansard.parliament.uk/search/MemberContributions?house=Commons&memberId=449,Graham Stringer,Labour
https://hansard.parliament.uk/search/MemberContributions?house=Commons&memberId=4364,Callum McCaig,Scottish National Party
https://hansard.parliament.uk/search/MemberContributions?house=Commons&memberId=4360,Gavin Robinson,Democratic Unionist Party
https://hansard.parliament.uk/search/MemberContributions?house=Commons&memberId=4384,Mike Wood,Conservative
https://hansard.parliament.uk/search/MemberContributions?house=Lords&memberId=3689,Lord Rana,Conservative
https://hansard.parliament.uk/search/MemberContributions?house=Commons&memberId=4462,Tom Tugendhat,Conservative
https://hansard.parliament.uk/search/MemberContributions?house=Commons&memberId=4642,Mr Paul Sweeney,Labour (Co-op)
https://hansard.parliament.uk/search/MemberContributions?house=Commons&memberId=4630,Ben Lake,Plaid Cymru
https://hansard.parliament.uk/search/MemberContributions?house=Lords&memberId=4184,Baroness Eaton,Conservative
https://hansard.parliament.uk/search/MemberContributions?house=Commons&memberId=4365,Neil Gray,Scottish National Party
https://hansard.parliament.uk/search/MemberContributions?house=Commons&memberId=4369,Tom Pursglove,Conservative
https://hansard.parliament.uk/search/MemberContributions?house=Commons&memberId=4606,David Duguid,Conservative
https://hansard.parliament.uk/search/MemberContributions?house=Lords&memberId=4174,Baroness Stedman-Scott,Conservative
https://hansard.parliament.uk/search/MemberContributions?house=Commons&memberId=4342,Liz McInnes,Labour
https://hansard.parliament.uk/search/MemberContributions?house=Commons&memberId=4528,James Heappey,Conservative
https://hansard.parliament.uk/search/MemberContributions?house=Commons&memberId=473,Sir Mark Hendrick,Labour (Co-op)
https://hansard.parliament.uk/search/MemberContributions?house=Commons&memberId=3966,Ian Murray,Labour
